labs,split,model,n_panels,positives,auc,auc_ci,sens_95spec,sens_99spec_12_24m
original,cv,M0,4856,1166,0.787,"[0.769, 0.802]",0.405,0.0
original,time,M0,1877,603,0.795,"[0.771, 0.819]",0.41,0.0
original,cv,M3,4856,1166,0.894,"[0.881, 0.905]",0.644,0.075
original,time,M3,1877,603,0.898,"[0.878, 0.913]",0.645,0.089
original,cv,M4,4856,1166,0.918,"[0.908, 0.928]",0.72,0.152
original,time,M4,1877,603,0.921,"[0.905, 0.936]",0.74,0.105
original,cv,M5,4856,1166,0.965,"[0.957, 0.973]",0.913,0.227
original,time,M5,1877,603,0.967,"[0.957, 0.975]",0.925,0.267
confounded,cv,M0,4856,1166,0.698,"[0.677, 0.717]",0.183,0.0
confounded,time,M0,1877,603,0.702,"[0.676, 0.728]",0.153,0.0
confounded,cv,M3,4856,1166,0.876,"[0.863, 0.889]",0.576,0.08
confounded,time,M3,1877,603,0.873,"[0.854, 0.888]",0.552,0.047
confounded,cv,M4,4856,1166,0.909,"[0.899, 0.92]",0.663,0.18
confounded,time,M4,1877,603,0.905,"[0.888, 0.919]",0.632,0.131
confounded,cv,M5,4856,1166,0.959,"[0.95, 0.967]",0.883,0.244
confounded,time,M5,1877,603,0.961,"[0.949, 0.969]",0.891,0.293
