alias_key,alias,breed,species,breed_group,size_class,note
labradorretriever,Labrador Retriever,Labrador Retriever,dog,Sporting,large,
lab,Lab,Labrador Retriever,dog,Sporting,large,
labrador,Labrador,Labrador Retriever,dog,Sporting,large,
labretriever,Lab Retriever,Labrador Retriever,dog,Sporting,large,
goldenretriever,Golden Retriever,Golden Retriever,dog,Sporting,large,
golden,Golden,Golden Retriever,dog,Sporting,large,
goldenret,Golden Ret.,Golden Retriever,dog,Sporting,large,
germanshepherd,German Shepherd,German Shepherd,dog,Herding,large,
gsd,GSD,German Shepherd,dog,Herding,large,
alsatian,Alsatian,German Shepherd,dog,Herding,large,
germanshepherddog,German Shepherd Dog,German Shepherd,dog,Herding,large,
frenchbulldog,French Bulldog,French Bulldog,dog,Non-Sporting,small,
frenchie,Frenchie,French Bulldog,dog,Non-Sporting,small,
frbulldog,FR BULLDOG,French Bulldog,dog,Non-Sporting,small,
bulldog,Bulldog,Bulldog,dog,Non-Sporting,medium,
englishbulldog,English Bulldog,Bulldog,dog,Non-Sporting,medium,
britishbulldog,British Bulldog,Bulldog,dog,Non-Sporting,medium,
poodle,Poodle,Poodle,dog,Non-Sporting,medium,
standardpoodle,Standard Poodle,Poodle,dog,Non-Sporting,medium,
toypoodle,Toy Poodle,Poodle,dog,Non-Sporting,medium,
minipoodle,Mini Poodle,Poodle,dog,Non-Sporting,medium,
miniaturepoodle,Miniature Poodle,Poodle,dog,Non-Sporting,medium,
goldendoodle,Goldendoodle,Goldendoodle,dog,Designer,large,
doodle,Doodle,Goldendoodle,dog,Designer,large,ambiguous
labradoodle,Labradoodle,Labradoodle,dog,Designer,large,
labdoodle,Lab-doodle,Labradoodle,dog,Designer,large,
beagle,Beagle,Beagle,dog,Hound,medium,
dachshund,Dachshund,Dachshund,dog,Hound,small,
doxie,Doxie,Dachshund,dog,Hound,small,
weinerdog,Weiner Dog,Dachshund,dog,Hound,small,
wienerdog,Wiener Dog,Dachshund,dog,Hound,small,
minidachshund,Mini Dachshund,Dachshund,dog,Hound,small,
rottweiler,Rottweiler,Rottweiler,dog,Working,large,
rottie,Rottie,Rottweiler,dog,Working,large,
boxer,Boxer,Boxer,dog,Working,large,
boxerdog,Boxer Dog,Boxer,dog,Working,large,
yorkshireterrier,Yorkshire Terrier,Yorkshire Terrier,dog,Toy,toy,
yorkie,Yorkie,Yorkshire Terrier,dog,Toy,toy,
shihtzu,Shih Tzu,Shih Tzu,dog,Toy,toy,
cavalierkingcharlesspaniel,Cavalier King Charles Spaniel,Cavalier King Charles Spaniel,dog,Toy,small,
cavalier,Cavalier,Cavalier King Charles Spaniel,dog,Toy,small,
ckcs,CKCS,Cavalier King Charles Spaniel,dog,Toy,small,
kingcharlesspaniel,King Charles Spaniel,Cavalier King Charles Spaniel,dog,Toy,small,
siberianhusky,Siberian Husky,Siberian Husky,dog,Working,large,
husky,Husky,Siberian Husky,dog,Working,large,
australianshepherd,Australian Shepherd,Australian Shepherd,dog,Herding,medium,
aussie,Aussie,Australian Shepherd,dog,Herding,medium,
bordercollie,Border Collie,Border Collie,dog,Herding,medium,
bc,BC,Border Collie,dog,Herding,medium,
pitbullterrier,Pit Bull Terrier,Pit Bull Terrier,dog,Terrier,medium,
pitbull,Pit Bull,Pit Bull Terrier,dog,Terrier,medium,
apbt,APBT,Pit Bull Terrier,dog,Terrier,medium,
pittie,Pittie,Pit Bull Terrier,dog,Terrier,medium,
amstaffordshire,Am. Staffordshire,Pit Bull Terrier,dog,Terrier,medium,
americanstaffordshireterrier,American Staffordshire Terrier,Pit Bull Terrier,dog,Terrier,medium,
chihuahua,Chihuahua,Chihuahua,dog,Toy,toy,
chi,Chi,Chihuahua,dog,Toy,toy,
mixedbreeddog,Mixed Breed Dog,Mixed Breed Dog,dog,Mixed,medium,
mix,Mix,Mixed Breed Dog,dog,Mixed,medium,
mixed,Mixed,Mixed Breed Dog,dog,Mixed,medium,
mutt,Mutt,Mixed Breed Dog,dog,Mixed,medium,
labmix,Lab mix,Mixed Breed Dog,dog,Mixed,medium,
shepherdmix,Shepherd mix,Mixed Breed Dog,dog,Mixed,medium,
terrierx,Terrier X,Mixed Breed Dog,dog,Mixed,medium,
unknown,Unknown,Mixed Breed Dog,dog,Mixed,medium,ambiguous
domesticshorthair,Domestic Shorthair,Domestic Shorthair,cat,Domestic,cat,
dsh,DSH,Domestic Shorthair,cat,Domestic,cat,
domshorthair,Dom. Shorthair,Domestic Shorthair,cat,Domestic,cat,
domesticsh,Domestic SH,Domestic Shorthair,cat,Domestic,cat,
tabby,Tabby,Domestic Shorthair,cat,Domestic,cat,ambiguous
domesticlonghair,Domestic Longhair,Domestic Longhair,cat,Domestic,cat,
dlh,DLH,Domestic Longhair,cat,Domestic,cat,
domlonghair,Dom. Longhair,Domestic Longhair,cat,Domestic,cat,
domesticlh,Domestic LH,Domestic Longhair,cat,Domestic,cat,
mainecoon,Maine Coon,Maine Coon,cat,Pedigree,cat,
cooncat,Coon cat,Maine Coon,cat,Pedigree,cat,
siamese,Siamese,Siamese,cat,Pedigree,cat,
siamesemix,Siamese mix,Siamese,cat,Pedigree,cat,
persian,Persian,Persian,cat,Pedigree,cat,
persianlonghair,Persian Longhair,Persian,cat,Pedigree,cat,
ragdoll,Ragdoll,Ragdoll,cat,Pedigree,cat,
