network,study,scenario,planted_rr,n_exposed,n_comparator,events_exposed,events_comparator,risk10k_exposed,risk10k_comparator,rr,lo,hi,exact_lo,exact_hi,mh_rr,mh_lo,mh_hi,iptw_rr,iptw_lo,iptw_hi,ps_auc
10x,S1_isoxazoline_seizure,primary,1.5,6170,4134,8,4,12.965964343598054,9.675858732462506,1.340032414910859,0.403770146361896,4.447299755050161,0.35899777383533754,6.081042697681539,1.3398617378223185,0.40455730579796645,4.43751589886445,1.2933538674222749,0.3895463159330244,4.294134376215633,0.5209254951036548
10x,S1_isoxazoline_seizure,exploratory_high_epilepsy_breed=False,1.5,5101,3457,6,3,11.76239952950402,8.678044547295343,1.3554205057831796,0.33920698506762054,5.416058124897675,0.2894732369587211,8.375974736776776,,,,,,,
10x,S1_isoxazoline_seizure,exploratory_high_epilepsy_breed=True,1.5,1069,677,2,1,18.709073900841908,14.771048744460856,1.2666043030869971,0.11506832694249304,13.942033426802684,0.06593786048334369,74.7260908528114,,,,,,,
10x,S1_isoxazoline_seizure,linkage_clinic,1.5,9531,6352,11,5,11.541286328821739,7.871536523929471,1.4662050152135138,0.5096703412372093,4.217936522299472,0.4696382654688816,5.382895076774082,1.4686459514527488,0.5111424483887694,4.219803965641333,1.448079962776963,0.5031261405757637,4.1678128196568265,0.5146457407182766
10x,S1_isoxazoline_seizure,linkage_microchip,1.5,9645,6421,11,5,11.404872991187144,7.78694907335306,1.464613789528253,0.5091144988844565,4.213381385084338,0.46912858199144064,5.377053191895534,1.467995529134341,0.5113980366044379,4.213960006313627,1.4437795355264345,0.501630493984593,4.1554478290327985,0.5132592890955505
10x,S1_isoxazoline_seizure,linkage_probabilistic_strict,1.5,7746,5151,11,5,14.200877872450297,9.706853038245,1.4629744384198298,0.508603643787706,4.20817710138779,0.4686034835208544,5.3710346236059205,1.463450907476884,0.5082562975725367,4.213796403160673,1.467410403000281,0.5097448168227477,4.224257353424363,0.5192123383751325
10x,S1_isoxazoline_seizure,linkage_truth,1.5,9879,6552,11,5,11.134730235853832,7.631257631257632,1.4590950501062863,0.5071909944755449,4.197547646614056,0.46736088157927835,5.356792181357264,1.4617789380075248,0.5090634612006683,4.197507435639936,1.4373729219851525,0.4994268884463178,4.1368235564637805,0.5129387011409483
10x,S1_isoxazoline_seizure,no_lookback,1.5,26780,17512,39,32,14.563106796116505,18.273184102329832,0.7969660194174758,0.4995482507709836,1.2714584329458922,0.4865432772341664,1.3141245653944864,0.7961739615302889,0.4991923333389751,1.2698371643227755,0.7963095368510963,0.499118575758683,1.2704573808260553,0.506584729395842
10x,S1_isoxazoline_seizure,outcome_from_true_labels,1.5,6170,4134,4,5,6.482982171799027,12.094823415578132,0.5360129659643436,0.14401834295629987,1.9949535162272505,0.10636020012329646,2.490310789022778,0.5302447816154111,0.14238982739658199,1.9745759480927931,0.5365335517945935,0.14408016125742107,1.9979728623915225,0.5209254951036548
10x,S1_isoxazoline_seizure,fda_window,1.5,6158,4123,10,6,16.239038648911983,14.552510308028134,1.1158926058244019,0.4058724777432156,3.067998881464902,0.3674527635114567,3.7357768040152073,1.1131449928367827,0.40560517482867214,3.054921021658548,1.079730766941501,0.3924695177177673,2.970468982812688,0.5212111463374882
10x,S2_nsaid_gi,primary,2.0,2402,406,33,7,137.38551207327228,172.41379310344828,0.7968359700249792,0.3549060134875397,1.7890583393790302,0.3466267189286374,2.134320129596971,0.7994354111533565,0.355991235740209,1.7952604234120209,0.8667510945645335,0.3826935239146904,1.9630785811162204,0.5764602978634389
10x,S2_nsaid_gi,linkage_clinic,2.0,3064,520,35,6,114.22976501305483,115.38461538461539,0.9899912967798085,0.4184924617564607,2.341936491726153,0.4120323467451032,2.8795296139872426,0.9992674008647286,0.42231584464116656,2.364427835473202,1.0549137531781692,0.44052954415160456,2.526148453420131,0.5605229463747741
10x,S2_nsaid_gi,linkage_microchip,2.0,3091,529,35,6,113.2319637657716,113.42155009451795,0.9983284805348861,0.42198330157172653,2.3618464316832393,0.41550226552017083,2.903779491332719,1.0081383314240007,0.42607185423752936,2.3853790978640204,1.0544001438873034,0.43916856627424494,2.5315101052458115,0.5624157946205185
10x,S2_nsaid_gi,linkage_probabilistic_strict,2.0,2741,468,35,7,127.69062385990514,149.57264957264957,0.8537030280919372,0.3814611882561394,1.910571462080096,0.373641914798922,2.2774810869851043,0.863091195734086,0.3855217027514806,1.9322554523834352,0.9282684212268583,0.4104818096130542,2.0991971913670904,0.5747372130079171
10x,S2_nsaid_gi,linkage_truth,2.0,3161,542,36,6,113.88801012337868,110.7011070110701,1.0287883581145207,0.43557857460377547,2.4298841759027083,0.4293356455232947,2.98720401005224,1.038215422068387,0.4392064283371827,2.454179158309432,1.0943407434038046,0.45583693418901383,2.6272150693629657,0.5630977632142661
10x,S2_nsaid_gi,no_lookback,2.0,3483,603,46,8,132.0700545506747,132.66998341625208,0.9954780361757106,0.47220280109201823,2.098624824368921,0.4652513000496905,2.4421747662892,1.002734626433566,0.4759054695082688,2.112765655094857,1.019241811704559,0.4820208974472561,2.155205046562251,0.5472044029065125
10x,S2_nsaid_gi,outcome_from_true_labels,2.0,2402,406,34,7,141.54870940882597,172.41379310344828,0.8209825145711906,0.3664365566251274,1.8393696727184468,0.3582556584358988,2.194466193739497,0.8239275963127645,0.3676850665461507,1.8462993081078036,0.8920407467665724,0.3946879069596222,2.016116227177111,0.5764602978634389
10x,S3_ml_mdr1_neuro_null,primary,1.0,753,10989,0,4,0.0,3.64000364000364,,,,0.0,22.10739962493005,,,,,,,0.8744023511619792
10x,S3_ml_mdr1_neuro_null,linkage_clinic,1.0,894,16874,0,7,0.0,4.148393978902454,,,,0.0,13.095544854753616,,,,,,,0.8609888954559641
10x,S3_ml_mdr1_neuro_null,linkage_microchip,1.0,897,17047,0,7,0.0,4.106294362644453,,,,0.0,13.185559552627025,,,,,,,0.8596882682339513
10x,S3_ml_mdr1_neuro_null,linkage_probabilistic_strict,1.0,815,13718,0,4,0.0,2.91587694999271,,,,0.0,25.4980902782601,,,,,,,0.8677110455386636
10x,S3_ml_mdr1_neuro_null,linkage_truth,1.0,904,17336,0,7,0.0,4.037840332256576,,,,0.0,13.305264556365437,,,,,,,0.8585079299406627
10x,S3_ml_mdr1_neuro_null,no_lookback,1.0,2870,42297,0,16,0.0,3.782774192023075,,,,0.0,3.821448233676192,,,,,,,0.8704868443565531
10x,S3_ml_mdr1_neuro_null,outcome_from_true_labels,1.0,753,10989,0,6,0.0,5.46000546000546,,,,0.0,12.394529500841022,,,,,,,0.8744023511619792
