id,label,reason
64445,no,
104147,no,
146668,no,
282767,seizure,seizures every 4-6 weeks
354875,no,
380576,no,
593487,no,
595938,no,
615932,no,
618270,no,
691226,no,
732787,no,
749437,seizure,seizure described
875204,no,
947926,possible,episodes 'like a small seizure'
977128,no,
991934,no,
1050102,no,
1103857,no,
1142724,no,
1230191,no,
1251787,no,
1289016,no,
1296449,no,
1351885,no,
1368803,no,
1412280,no,
1416202,no,
1427824,seizure,"occasional partial seizure, monthly"
1456194,no,
1462354,possible,no fits since Epiphen; one possible fit
1530289,no,
1556738,no,
1565258,possible,no fits yet on meds
1679300,no,
1695808,no,
1730801,no,
1795215,no,
1918652,no,
2025411,possible,"twitching, could be partial seizures"
2026069,no,
2040934,seizure,3 seizures in 12 h
2160883,no,
2184952,no,
2190056,no,
2240938,no,
2281903,no,
2285744,no,
2352302,seizure,seizure last Friday
2385660,seizure,fits Sunday and Monday
2386232,no,
2401964,no,
2432502,no,
2574308,possible,had a fit when fell; timing unclear
2579663,seizure,had 2 fits last week
2627550,no,
2637458,no,
2641565,possible,no seizures since November
2679408,no,
2708258,no,
2778161,seizure,1 fit since last seen
2909571,no,
2931652,no,
2963119,no,
3029184,no,
3057490,seizure,still having grand mal seizures
3084269,no,
3143813,possible,? canine cramping epileptoid syndrome
3191980,no,
3207348,possible,possible seizure vs syncope
3272063,possible,collapse with shaking; d/d epileptic episode
3294829,no,
3362283,no,
3382935,no,
3517403,no,
3565245,no,
3691788,possible,"collapse, possible syncope"
3841975,no,
3930202,no,
3980679,no,
4064833,possible,collapse episodes on Epiphen; ? cardiac
4086318,no,
4094666,no,
4113862,seizure,seizuring at presentation
4198762,no,
4245734,no,
4249023,no,
4267720,no,
4361036,no,
4387018,no,
4397871,no,
4398328,no,
4401587,no,
4509632,no,
4576478,possible,owner-reported small fits; ? hepatic encephalopathy
4586298,no,
4607399,no,
4632020,no,
4652481,no,
4747795,no,
4787938,no,
4892630,no,
4924532,no,
5103047,no,
5117680,no,
5262200,no,
5273239,no,
5329501,no,
5403993,no,
5427618,no,
5443001,no,
5450658,possible,"? petit mals, may be epileptiform"
5479974,no,
5490169,no,
5492258,no,
5587653,no,
5598933,seizure,"recent seizure, 7 min"
5687511,no,
6083333,no,
6094404,no,
6170708,no,
6210707,no,
6218073,seizure,"recheck after seizures, on Epiphen"
6247941,no,
6248495,no,
6315940,seizure,"seizure 13/6, prior cluster"
6332652,no,
6382089,seizure,occasional seizures every few months
6462810,no,
6695212,no,
6745452,no,
6831957,no,
6832326,no,
6845801,no,
6945976,no,
7085428,no,
7141898,possible,"vacant episodes, seizure profile bloods"
7361692,no,
7418669,no,
7446841,no,
7626179,no,
7628319,seizure,"further seizures March, April"
7647306,no,
8468291,possible,cat daily episodes before defecation
8838515,no,
9478241,possible,possible partial seizure vs pain
9981216,no,
10207571,no,
10389793,no,
10928527,no,
