id,verdict,reason
6007168,FP,"fit (verb): fit larger bandage"
6424965,FP,"fit to vaccination"
3207348,uncertain,"differential: possible seizure vs syncope vs fall"
929977,FP,"fit for vaccination"
4288345,FP,"fit for vaccination"
5426103,FP,"fit to vaccinate"
6805864,FP,"fit for vaccination"
2752608,FP,"fit and well (typo 'fit andw')"
2025411,uncertain,"twitching episodes, discussed could be partial seizures"
2579663,TP,"had 2 fits last week"
5450083,FP,"not fit enough for vaccination"
3349444,FP,"fit to travel"
6738649,FP,"fit for vaccination"
548658,FP,"very fit"
615800,FP,"fit and healthy"
6218073,FP,"known-epilepsy recheck, no further seizures"
1427824,TP,"occasional partial seizures, monthly"
5995717,FP,"fit to vaccinate"
5587653,FP,"history: 2 seizures, not recently"
1411094,FP,"coughing fit"
1138231,FP,"fit and healthy"
6451945,FP,"bandage fits well"
6820494,FP,"fit for vaccine"
2778161,TP,"1 fit since last seen"
6060928,FP,"fit for vaccination"
6382089,TP,"occasional seizures every few months"
2227120,FP,"fit to vaccinate"
947926,TP,"episode described as a small seizure"
4113862,TP,"generalised tonic-clonic seizure in clinic"
2352302,TP,"seizure last Friday"
204824,FP,"can't fit in (appointment)"
6315940,TP,"seizure on date, cluster history"
6280458,FP,"muzzle is a nice fit"
3057490,TP,"still having grand mal seizures"
2385660,TP,"one fit Sunday, one Monday"
323044,FP,"sneezing fits"
2574308,TP,"fell off stairs and had a fit"
2012074,FP,"urine sample doesn't fit (diagnosis)"
282767,TP,"2-3 min seizures on dates"
7141898,TP,"bloods for seizure profile (seizure work-up)"
1462354,FP,"no fits since restarting phenobarbital"
2040934,TP,"3 seizures in last 12 hours"
7628319,TP,"further seizures March and April"
154846,FP,"fit for vaccination"
6621621,FP,"fit for vaccination"
8804032,FP,"fit for vaccine"
4453179,FP,"fits of sneezing"
8086163,FP,"fit for vaccination"
3755838,FP,"fits with owner's description"
5598933,TP,"seizure approx date, rectal diazepam"
749437,TP,"seizure described"
4576478,TP,"small 'fits' when playing"
9478241,uncertain,"possible partial seizure"
6020829,FP,"muzzle fits fine"
321780,FP,"to fit in with schedule"
4692698,FP,"fit to swim check"
6764336,FP,"food product name 'fit 32'"
5039429,FP,"fit to vaccinate"
755075,FP,"can fit fingertip"
4180969,FP,"fit for vaccination"
